Date,Exchange Rate
10-Jan-05,8.2765
11-Jan-05,8.2765
12-Jan-05,8.2765
13-Jan-05,8.2765
14-Jan-05,8.2765
18-Jan-05,8.2765
19-Jan-05,8.2765
20-Jan-05,8.2765
21-Jan-05,8.2765
24-Jan-05,8.2765
25-Jan-05,8.2765
26-Jan-05,8.2765
27-Jan-05,8.2765
28-Jan-05,8.2765
31-Jan-05,8.2765
16-Feb-05,8.2765
17-Feb-05,8.2765
18-Feb-05,8.2765
22-Feb-05,8.2765
23-Feb-05,8.2765
24-Feb-05,8.2765
25-Feb-05,8.2765
10-Mar-05,8.2765
11-Mar-05,8.2765
14-Mar-05,8.2765
15-Mar-05,8.2765
16-Mar-05,8.2765
17-Mar-05,8.2765
18-Mar-05,8.2765
29-Mar-05,8.2765
30-Mar-05,8.2765
31-Mar-05,8.2765
11-Apr-05,8.2765
12-Apr-05,8.2765
13-Apr-05,8.2765
14-Apr-05,8.2765
15-Apr-05,8.2765
18-Apr-05,8.2765
19-Apr-05,8.2765
20-Apr-05,8.2765
21-Apr-05,8.2765
22-Apr-05,8.2765
25-Apr-05,8.2765
26-Apr-05,8.2765
27-Apr-05,8.2765
28-Apr-05,8.2765
29-Apr-05,8.2765
10-May-05,8.2765
11-May-05,8.2765
12-May-05,8.2765
13-May-05,8.2765
16-May-05,8.2765
17-May-05,8.2765
18-May-05,8.2765
20-May-05,8.2765
23-May-05,8.2765
25-May-05,8.2765
26-May-05,8.2765
27-May-05,8.2765
31-May-05,8.2765
10-Jun-05,8.2765
13-Jun-05,8.2765
14-Jun-05,8.2765
15-Jun-05,8.2765
21-Jun-05,8.2765
22-Jun-05,8.2765
23-Jun-05,8.2765
24-Jun-05,8.2765
27-Jun-05,8.2765
28-Jun-05,8.2765
29-Jun-05,8.2765
30-Jun-05,8.2765
11-Jul-05,8.2765
12-Jul-05,8.2765
13-Jul-05,8.2765
14-Jul-05,8.2765
15-Jul-05,8.2765
18-Jul-05,8.2765
19-Jul-05,8.2765
20-Jul-05,8.2765
21-Jul-05,8.11
22-Jul-05,8.1111
25-Jul-05,8.1115
26-Jul-05,8.1099
27-Jul-05,8.1128
28-Jul-05,8.108
29-Jul-05,8.1056
10-Aug-05,8.1062
11-Aug-05,8.1002
12-Aug-05,8.098
15-Aug-05,8.0971
16-Aug-05,8.1002
17-Aug-05,8.0997
18-Aug-05,8.1007
19-Aug-05,8.1047
22-Aug-05,8.1056
23-Aug-05,8.1012
24-Aug-05,8.1005
25-Aug-05,8.1002
26-Aug-05,8.0965
29-Aug-05,8.0954
30-Aug-05,8.0973
31-Aug-05,8.0998
12-Sep-05,8.0956
13-Sep-05,8.0924
14-Sep-05,8.094
15-Sep-05,8.0912
16-Sep-05,8.0887
19-Sep-05,8.0871
20-Sep-05,8.0908
23-Sep-05,8.0881
26-Sep-05,8.091
27-Sep-05,8.0921
28-Sep-05,8.092
29-Sep-05,8.0939
30-Sep-05,8.0922
11-Oct-05,8.0864
14-Oct-05,8.0866
18-Oct-05,8.0869
19-Oct-05,8.0902
20-Oct-05,8.0916
21-Oct-05,8.0897
24-Oct-05,8.0885
25-Oct-05,8.0916
26-Oct-05,8.0901
27-Oct-05,8.0859
31-Oct-05,8.0832
21-Nov-05,8.0833
22-Nov-05,8.0839
23-Nov-05,8.0785
25-Nov-05,8.0797
28-Nov-05,8.0825
29-Nov-05,8.078
12-Dec-05,8.0749
13-Dec-05,8.0753
15-Dec-05,8.074
16-Dec-05,8.0736
19-Dec-05,8.073
20-Dec-05,8.0728
21-Dec-05,8.0759
27-Dec-05,8.0744
28-Dec-05,8.0735
29-Dec-05,8.0704
30-Dec-05,8.0702
10-Jan-06,8.0645
11-Jan-06,8.068
12-Jan-06,8.0659
13-Jan-06,8.0698
17-Jan-06,8.0672
18-Jan-06,8.0694
19-Jan-06,8.0687
20-Jan-06,8.0601
23-Jan-06,8.0634
24-Jan-06,8.0622
25-Jan-06,8.0629
21-Feb-06,8.05
23-Feb-06,8.0475
27-Feb-06,8.0407
13-Mar-06,8.0505
14-Mar-06,8.0478
16-Mar-06,8.039
17-Mar-06,8.0319
20-Mar-06,8.0315
21-Mar-06,8.028
22-Mar-06,8.0288
23-Mar-06,8.0283
24-Mar-06,8.0299
27-Mar-06,8.0214
28-Mar-06,8.0212
29-Mar-06,8.0259
30-Mar-06,8.0253
31-Mar-06,8.0175
10-Apr-06,8.0064
11-Apr-06,8.011
12-Apr-06,8.0119
13-Apr-06,8.0185
17-Apr-06,8.0205
18-Apr-06,8.024
19-Apr-06,8.0135
20-Apr-06,8.0135
21-Apr-06,8.017
24-Apr-06,8.0165
25-Apr-06,8.012
26-Apr-06,8.0183
27-Apr-06,8.0172
28-Apr-06,8.0139
10-May-06,8.0035
11-May-06,8.004
12-May-06,8.0065
15-May-06,8.008
16-May-06,8.003
17-May-06,8.001
18-May-06,8.0104
19-May-06,8.02
22-May-06,8.026
23-May-06,8.02
25-May-06,8.025
26-May-06,8.025
30-May-06,8.032
31-May-06,8.024
12-Jun-06,8.016
13-Jun-06,8.023
14-Jun-06,8.0005
15-Jun-06,8.0009
16-Jun-06,7.9983
19-Jun-06,8.0077
23-Jun-06,7.9998
26-Jun-06,8.002
27-Jun-06,7.9985
28-Jun-06,7.9985
29-Jun-06,7.996
30-Jun-06,7.9925
10-Jul-06,7.9892
11-Jul-06,7.9915
12-Jul-06,7.996
13-Jul-06,7.9924
14-Jul-06,7.9978
17-Jul-06,7.9985
18-Jul-06,7.9985
19-Jul-06,8.0035
20-Jul-06,7.993
21-Jul-06,7.9828
24-Jul-06,7.9876
25-Jul-06,7.9877
26-Jul-06,7.9845
27-Jul-06,7.975
28-Jul-06,7.971
31-Jul-06,7.97
10-Aug-06,7.9708
11-Aug-06,7.9777
14-Aug-06,7.984
15-Aug-06,8.0015
16-Aug-06,7.9882
17-Aug-06,7.979
18-Aug-06,7.9755
21-Aug-06,7.9684
22-Aug-06,7.9684
23-Aug-06,7.9699
24-Aug-06,7.9719
25-Aug-06,7.9763
28-Aug-06,7.9692
29-Aug-06,7.9623
30-Aug-06,7.9587
31-Aug-06,7.9549
11-Sep-06,7.9542
12-Sep-06,7.9475
13-Sep-06,7.948
14-Sep-06,7.946
15-Sep-06,7.9445
18-Sep-06,7.9468
19-Sep-06,7.9362
20-Sep-06,7.9265
21-Sep-06,7.9243
22-Sep-06,7.917
25-Sep-06,7.921
26-Sep-06,7.9105
27-Sep-06,7.9046
28-Sep-06,7.8955
29-Sep-06,7.9073
10-Oct-06,7.9052
11-Oct-06,7.9162
12-Oct-06,7.9143
13-Oct-06,7.9015
16-Oct-06,7.9098
17-Oct-06,7.9075
18-Oct-06,7.9077
19-Oct-06,7.9082
20-Oct-06,7.9046
23-Oct-06,7.899
24-Oct-06,7.9025
25-Oct-06,7.8994
26-Oct-06,7.8945
27-Oct-06,7.8896
30-Oct-06,7.8774
31-Oct-06,7.879
10-Nov-06,7.8645
13-Nov-06,7.8635
14-Nov-06,7.8665
15-Nov-06,7.8685
16-Nov-06,7.8715
17-Nov-06,7.872
20-Nov-06,7.874
21-Nov-06,7.8695
22-Nov-06,7.8641
24-Nov-06,7.8551
27-Nov-06,7.8425
28-Nov-06,7.845
29-Nov-06,7.8365
30-Nov-06,7.8333
11-Dec-06,7.8293
12-Dec-06,7.8305
13-Dec-06,7.825
14-Dec-06,7.8199
15-Dec-06,7.8279
18-Dec-06,7.8202
19-Dec-06,7.8209
20-Dec-06,7.8152
21-Dec-06,7.816
22-Dec-06,7.8165
26-Dec-06,7.8207
27-Dec-06,7.816
28-Dec-06,7.8135
29-Dec-06,7.8075
10-Jan-07,7.8065
11-Jan-07,7.7948
12-Jan-07,7.7973
16-Jan-07,7.7901
17-Jan-07,7.775
18-Jan-07,7.7705
19-Jan-07,7.7765
22-Jan-07,7.7739
23-Jan-07,7.7765
24-Jan-07,7.7724
25-Jan-07,7.7682
26-Jan-07,7.777
29-Jan-07,7.774
30-Jan-07,7.776
31-Jan-07,7.7748
12-Feb-07,7.756
13-Feb-07,7.76
14-Feb-07,7.759
15-Feb-07,7.7555
16-Feb-07,7.7502
26-Feb-07,7.748
27-Feb-07,7.741
28-Feb-07,7.738
12-Mar-07,7.7473
13-Mar-07,7.7469
14-Mar-07,7.7412
15-Mar-07,7.744
16-Mar-07,7.7358
19-Mar-07,7.7362
20-Mar-07,7.7374
21-Mar-07,7.7353
22-Mar-07,7.726
23-Mar-07,7.7325
26-Mar-07,7.7359
27-Mar-07,7.7335
28-Mar-07,7.7291
29-Mar-07,7.7271
30-Mar-07,7.7308
10-Apr-07,7.734
11-Apr-07,7.7265
12-Apr-07,7.726
13-Apr-07,7.7217
16-Apr-07,7.7279
17-Apr-07,7.7332
18-Apr-07,7.7226
19-Apr-07,7.7165
20-Apr-07,7.7179
23-Apr-07,7.723
24-Apr-07,7.7259
25-Apr-07,7.719
26-Apr-07,7.7264
27-Apr-07,7.7216
30-Apr-07,7.7055
10-May-07,7.6939
11-May-07,7.6766
14-May-07,7.681
15-May-07,7.6835
16-May-07,7.6817
17-May-07,7.6705
18-May-07,7.6685
21-May-07,7.664
22-May-07,7.6545
23-May-07,7.653
24-May-07,7.6519
25-May-07,7.6523
29-May-07,7.6502
30-May-07,7.646
31-May-07,7.6475
11-Jun-07,7.665
12-Jun-07,7.6435
13-Jun-07,7.632
14-Jun-07,7.6254
15-Jun-07,7.625
18-Jun-07,7.63
19-Jun-07,7.6175
20-Jun-07,7.6175
21-Jun-07,7.619
22-Jun-07,7.625
25-Jun-07,7.6195
26-Jun-07,7.616
27-Jun-07,7.618
28-Jun-07,7.615
29-Jun-07,7.6135
10-Jul-07,7.581
11-Jul-07,7.563
12-Jul-07,7.566
13-Jul-07,7.57
16-Jul-07,7.5675
17-Jul-07,7.562
18-Jul-07,7.566
19-Jul-07,7.563
20-Jul-07,7.57
23-Jul-07,7.562
24-Jul-07,7.5625
25-Jul-07,7.557
26-Jul-07,7.5654
27-Jul-07,7.56
30-Jul-07,7.567
31-Jul-07,7.5725
10-Aug-07,7.574
13-Aug-07,7.583
14-Aug-07,7.5761
15-Aug-07,7.5847
16-Aug-07,7.603
17-Aug-07,7.595
20-Aug-07,7.5875
21-Aug-07,7.59
22-Aug-07,7.602
23-Aug-07,7.584
24-Aug-07,7.568
27-Aug-07,7.56
28-Aug-07,7.5555
29-Aug-07,7.549
30-Aug-07,7.5445
31-Aug-07,7.545
10-Sep-07,7.521
11-Sep-07,7.523
12-Sep-07,7.5217
13-Sep-07,7.5105
14-Sep-07,7.516
17-Sep-07,7.523
18-Sep-07,7.523
19-Sep-07,7.513
20-Sep-07,7.514
21-Sep-07,7.503
24-Sep-07,7.509
25-Sep-07,7.513
26-Sep-07,7.515
27-Sep-07,7.5145
28-Sep-07,7.506
10-Oct-07,7.5115
11-Oct-07,7.506
12-Oct-07,7.5105
15-Oct-07,7.528
16-Oct-07,7.518
17-Oct-07,7.516
18-Oct-07,7.511
19-Oct-07,7.5083
22-Oct-07,7.5095
23-Oct-07,7.5035
24-Oct-07,7.4938
25-Oct-07,7.482
26-Oct-07,7.488
29-Oct-07,7.475
30-Oct-07,7.4715
31-Oct-07,7.4715
13-Nov-07,7.4335
14-Nov-07,7.425
15-Nov-07,7.422
16-Nov-07,7.4245
19-Nov-07,7.426
20-Nov-07,7.4253
21-Nov-07,7.411
23-Nov-07,7.3993
26-Nov-07,7.3969
27-Nov-07,7.3872
28-Nov-07,7.395
29-Nov-07,7.382
30-Nov-07,7.398
10-Dec-07,7.396
11-Dec-07,7.3805
12-Dec-07,7.374
13-Dec-07,7.3675
14-Dec-07,7.371
17-Dec-07,7.3796
18-Dec-07,7.385
19-Dec-07,7.377
20-Dec-07,7.369
21-Dec-07,7.365
24-Dec-07,7.3477
26-Dec-07,7.3448
27-Dec-07,7.3179
28-Dec-07,7.3041
10-Jan-08,7.2714
11-Jan-08,7.2625
14-Jan-08,7.2515
15-Jan-08,7.2421
16-Jan-08,7.2324
17-Jan-08,7.2486
18-Jan-08,7.2423
22-Jan-08,7.2392
23-Jan-08,7.2322
24-Jan-08,7.223
25-Jan-08,7.2106
28-Jan-08,7.1967
29-Jan-08,7.1949
30-Jan-08,7.191
31-Jan-08,7.1822
13-Feb-08,7.1977
14-Feb-08,7.19
15-Feb-08,7.18
19-Feb-08,7.15
20-Feb-08,7.144
21-Feb-08,7.141
22-Feb-08,7.1422
25-Feb-08,7.152
26-Feb-08,7.157
27-Feb-08,7.1425
28-Feb-08,7.1125
29-Feb-08,7.1119
10-Mar-08,7.1065
11-Mar-08,7.1031
12-Mar-08,7.1014
13-Mar-08,7.0904
14-Mar-08,7.0906
17-Mar-08,7.0832
18-Mar-08,7.08
19-Mar-08,7.0667
20-Mar-08,7.0525
24-Mar-08,7.0555
25-Mar-08,7.0519
26-Mar-08,7.0294
27-Mar-08,7.0109
28-Mar-08,7.012
31-Mar-08,7.0124
10-Apr-08,6.992
11-Apr-08,7.0065
14-Apr-08,6.9994
15-Apr-08,6.9925
16-Apr-08,6.9922
17-Apr-08,6.9842
18-Apr-08,6.9939
21-Apr-08,7
22-Apr-08,6.989
23-Apr-08,6.9825
24-Apr-08,6.9875
25-Apr-08,7.01
28-Apr-08,7.0024
29-Apr-08,6.9849
30-Apr-08,6.9885
12-May-08,6.9886
13-May-08,6.9887
14-May-08,7.0026
15-May-08,6.9947
16-May-08,6.9925
19-May-08,6.9725
20-May-08,6.9735
21-May-08,6.9597
22-May-08,6.9435
23-May-08,6.9416
27-May-08,6.95
28-May-08,6.9444
29-May-08,6.9379
30-May-08,6.9425
10-Jun-08,6.9199
11-Jun-08,6.918
12-Jun-08,6.9075
13-Jun-08,6.902
16-Jun-08,6.9005
17-Jun-08,6.8914
18-Jun-08,6.8822
19-Jun-08,6.8775
20-Jun-08,6.8801
23-Jun-08,6.8742
24-Jun-08,6.8702
25-Jun-08,6.8653
26-Jun-08,6.8657
27-Jun-08,6.8618
30-Jun-08,6.8544
10-Jul-08,6.8429
11-Jul-08,6.8341
14-Jul-08,6.8449
15-Jul-08,6.8212
16-Jul-08,6.8109
17-Jul-08,6.8209
18-Jul-08,6.8168
21-Jul-08,6.83
22-Jul-08,6.8217
23-Jul-08,6.8295
24-Jul-08,6.8289
25-Jul-08,6.819
28-Jul-08,6.8375
29-Jul-08,6.8257
30-Jul-08,6.8265
31-Jul-08,6.8315
11-Aug-08,6.8577
12-Aug-08,6.8659
13-Aug-08,6.8572
14-Aug-08,6.863
15-Aug-08,6.87
18-Aug-08,6.871
19-Aug-08,6.8599
20-Aug-08,6.8547
21-Aug-08,6.8442
22-Aug-08,6.8342
25-Aug-08,6.8487
26-Aug-08,6.848
27-Aug-08,6.8375
28-Aug-08,6.8291
29-Aug-08,6.8487
10-Sep-08,6.8385
11-Sep-08,6.8487
12-Sep-08,6.8375
16-Sep-08,6.8491
17-Sep-08,6.8379
18-Sep-08,6.8345
19-Sep-08,6.835
22-Sep-08,6.8311
23-Sep-08,6.8126
24-Sep-08,6.824
25-Sep-08,6.8204
26-Sep-08,6.8451
10-Oct-08,6.835
14-Oct-08,6.8312
15-Oct-08,6.8315
16-Oct-08,6.8339
17-Oct-08,6.8341
20-Oct-08,6.8301
21-Oct-08,6.8336
22-Oct-08,6.8347
23-Oct-08,6.8355
24-Oct-08,6.8441
27-Oct-08,6.8523
28-Oct-08,6.8388
29-Oct-08,6.8415
30-Oct-08,6.8382
31-Oct-08,6.8395
10-Nov-08,6.8265
12-Nov-08,6.8296
13-Nov-08,6.83
14-Nov-08,6.8243
17-Nov-08,6.827
18-Nov-08,6.8244
19-Nov-08,6.83
20-Nov-08,6.8345
21-Nov-08,6.8307
24-Nov-08,6.8254
25-Nov-08,6.824
26-Nov-08,6.8287
28-Nov-08,6.8259
10-Dec-08,6.8645
11-Dec-08,6.8514
12-Dec-08,6.8425
15-Dec-08,6.8492
16-Dec-08,6.845
17-Dec-08,6.8353
18-Dec-08,6.8345
19-Dec-08,6.8445
22-Dec-08,6.8518
23-Dec-08,6.8485
24-Dec-08,6.836
26-Dec-08,6.8414
29-Dec-08,6.8452
30-Dec-08,6.8308
31-Dec-08,6.823
12-Jan-09,6.8366
13-Jan-09,6.8342
14-Jan-09,6.835
15-Jan-09,6.8365
16-Jan-09,6.8374
20-Jan-09,6.841
21-Jan-09,6.8397
22-Jan-09,6.8375
23-Jan-09,6.8397
10-Feb-09,6.8247
11-Feb-09,6.8332
12-Feb-09,6.835
13-Feb-09,6.8397
17-Feb-09,6.836
18-Feb-09,6.8379
19-Feb-09,6.8355
20-Feb-09,6.8372
23-Feb-09,6.836
24-Feb-09,6.8373
25-Feb-09,6.8374
26-Feb-09,6.8366
27-Feb-09,6.8396
10-Mar-09,6.8414
11-Mar-09,6.8404
12-Mar-09,6.8388
13-Mar-09,6.8382
16-Mar-09,6.8383
17-Mar-09,6.8371
18-Mar-09,6.8348
19-Mar-09,6.8245
20-Mar-09,6.8277
23-Mar-09,6.8338
24-Mar-09,6.8295
25-Mar-09,6.8309
26-Mar-09,6.8322
27-Mar-09,6.8315
30-Mar-09,6.8366
31-Mar-09,6.8334
13-Apr-09,6.8353
14-Apr-09,6.8323
15-Apr-09,6.8325
16-Apr-09,6.8321
17-Apr-09,6.8326
20-Apr-09,6.8336
21-Apr-09,6.8259
22-Apr-09,6.8299
23-Apr-09,6.8268
24-Apr-09,6.8265
27-Apr-09,6.8272
28-Apr-09,6.8268
29-Apr-09,6.8245
30-Apr-09,6.8185
11-May-09,6.8236
12-May-09,6.8215
13-May-09,6.8225
14-May-09,6.8247
15-May-09,6.825
18-May-09,6.827
19-May-09,6.8246
20-May-09,6.825
21-May-09,6.8247
22-May-09,6.8232
26-May-09,6.8328
27-May-09,6.8283
10-Jun-09,6.8332
11-Jun-09,6.8369
12-Jun-09,6.8354
15-Jun-09,6.8363
16-Jun-09,6.834
17-Jun-09,6.8369
18-Jun-09,6.8347
19-Jun-09,6.8363
22-Jun-09,6.8355
23-Jun-09,6.8347
24-Jun-09,6.8332
25-Jun-09,6.8346
26-Jun-09,6.8335
29-Jun-09,6.8335
30-Jun-09,6.8305
10-Jul-09,6.8327
13-Jul-09,6.8328
14-Jul-09,6.8329
15-Jul-09,6.8317
16-Jul-09,6.8312
17-Jul-09,6.8314
20-Jul-09,6.8308
21-Jul-09,6.831
22-Jul-09,6.8307
23-Jul-09,6.8309
24-Jul-09,6.8314
27-Jul-09,6.8312
28-Jul-09,6.8307
29-Jul-09,6.8315
30-Jul-09,6.8323
31-Jul-09,6.8321
10-Aug-09,6.8343
11-Aug-09,6.8361
12-Aug-09,6.8351
13-Aug-09,6.8336
14-Aug-09,6.8344
17-Aug-09,6.8362
18-Aug-09,6.8339
19-Aug-09,6.8341
20-Aug-09,6.8318
21-Aug-09,6.8314
24-Aug-09,6.8312
25-Aug-09,6.8315
26-Aug-09,6.8312
27-Aug-09,6.8318
28-Aug-09,6.8301
31-Aug-09,6.8304
10-Sep-09,6.8293
11-Sep-09,6.8285
14-Sep-09,6.8289
15-Sep-09,6.8289
16-Sep-09,6.8252
17-Sep-09,6.8265
18-Sep-09,6.8281
21-Sep-09,6.8289
22-Sep-09,6.827
23-Sep-09,6.8262
24-Sep-09,6.8268
25-Sep-09,6.8285
28-Sep-09,6.827
29-Sep-09,6.828
30-Sep-09,6.8265
13-Oct-09,6.8266
14-Oct-09,6.8263
15-Oct-09,6.8275
16-Oct-09,6.8268
19-Oct-09,6.8268
20-Oct-09,6.8266
21-Oct-09,6.8274
22-Oct-09,6.829
23-Oct-09,6.8285
26-Oct-09,6.8277
27-Oct-09,6.8294
28-Oct-09,6.8282
29-Oct-09,6.828
30-Oct-09,6.8275
10-Nov-09,6.8266
12-Nov-09,6.8268
13-Nov-09,6.8263
16-Nov-09,6.827
17-Nov-09,6.8265
18-Nov-09,6.827
19-Nov-09,6.8285
20-Nov-09,6.8278
23-Nov-09,6.828
24-Nov-09,6.8295
25-Nov-09,6.8273
27-Nov-09,6.8284
30-Nov-09,6.8275
10-Dec-09,6.8276
11-Dec-09,6.8276
14-Dec-09,6.8281
15-Dec-09,6.8275
16-Dec-09,6.8279
17-Dec-09,6.8296
18-Dec-09,6.8281
21-Dec-09,6.8285
22-Dec-09,6.8285
23-Dec-09,6.8285
24-Dec-09,6.828
28-Dec-09,6.8302
29-Dec-09,6.8292
30-Dec-09,6.8255
31-Dec-09,6.827
11-Jan-10,6.8263
12-Jan-10,6.827
13-Jan-10,6.8298
14-Jan-10,6.827
15-Jan-10,6.827
19-Jan-10,6.8278
20-Jan-10,6.827
21-Jan-10,6.8269
22-Jan-10,6.827
25-Jan-10,6.8269
26-Jan-10,6.8266
27-Jan-10,6.8278
28-Jan-10,6.8269
29-Jan-10,6.8269
10-Feb-10,6.8285
11-Feb-10,6.8338
12-Feb-10,6.8334
22-Feb-10,6.8274
23-Feb-10,6.8277
24-Feb-10,6.827
25-Feb-10,6.8268
26-Feb-10,6.8261
10-Mar-10,6.8259
11-Mar-10,6.8276
12-Mar-10,6.8256
15-Mar-10,6.8261
16-Mar-10,6.826
17-Mar-10,6.826
18-Mar-10,6.8262
19-Mar-10,6.8266
22-Mar-10,6.8266
23-Mar-10,6.8263
24-Mar-10,6.8266
25-Mar-10,6.8271
26-Mar-10,6.827
29-Mar-10,6.8264
30-Mar-10,6.8258
31-Mar-10,6.8259
12-Apr-10,6.8257
13-Apr-10,6.8256
14-Apr-10,6.8258
15-Apr-10,6.8261
16-Apr-10,6.8255
19-Apr-10,6.8262
20-Apr-10,6.8254
21-Apr-10,6.8276
22-Apr-10,6.8264
23-Apr-10,6.8275
26-Apr-10,6.8267
27-Apr-10,6.8257
28-Apr-10,6.825
29-Apr-10,6.8259
30-Apr-10,6.8252
10-May-10,6.8266
11-May-10,6.829
12-May-10,6.8277
13-May-10,6.8279
14-May-10,6.8268
17-May-10,6.8277
18-May-10,6.8274
19-May-10,6.8274
20-May-10,6.8278
21-May-10,6.8262
24-May-10,6.8287
25-May-10,6.8313
26-May-10,6.8293
27-May-10,6.8296
28-May-10,6.8308
10-Jun-10,6.8307
11-Jun-10,6.8323
17-Jun-10,6.8293
18-Jun-10,6.8272
21-Jun-10,6.7971
22-Jun-10,6.8133
23-Jun-10,6.8121
24-Jun-10,6.7996
25-Jun-10,6.7921
28-Jun-10,6.7965
29-Jun-10,6.7979
30-Jun-10,6.7817
12-Jul-10,6.771
13-Jul-10,6.7722
14-Jul-10,6.7716
15-Jul-10,6.7781
16-Jul-10,6.7752
19-Jul-10,6.7782
20-Jul-10,6.7783
21-Jul-10,6.777
22-Jul-10,6.7797
23-Jul-10,6.7804
26-Jul-10,6.7791
27-Jul-10,6.7783
28-Jul-10,6.7782
29-Jul-10,6.7763
30-Jul-10,6.774
10-Aug-10,6.7722
11-Aug-10,6.7749
12-Aug-10,6.7848
13-Aug-10,6.7961
16-Aug-10,6.8041
17-Aug-10,6.7923
18-Aug-10,6.7919
19-Aug-10,6.7899
20-Aug-10,6.7908
23-Aug-10,6.8
24-Aug-10,6.7969
25-Aug-10,6.7996
26-Aug-10,6.7999
27-Aug-10,6.798
30-Aug-10,6.803
31-Aug-10,6.8075
10-Sep-10,6.7697
13-Sep-10,6.76
14-Sep-10,6.744
15-Sep-10,6.739
16-Sep-10,6.725
17-Sep-10,6.7241
20-Sep-10,6.714
21-Sep-10,6.7066
27-Sep-10,6.6917
28-Sep-10,6.6929
29-Sep-10,6.6874
30-Sep-10,6.6917
12-Oct-10,6.6737
13-Oct-10,6.6639
14-Oct-10,6.6512
15-Oct-10,6.6409
18-Oct-10,6.6442
19-Oct-10,6.6446
20-Oct-10,6.6525
21-Oct-10,6.6507
22-Oct-10,6.6589
25-Oct-10,6.6582
26-Oct-10,6.6626
27-Oct-10,6.681
28-Oct-10,6.6871
29-Oct-10,6.6707
10-Nov-10,6.6341
12-Nov-10,6.6371
15-Nov-10,6.6437
16-Nov-10,6.6386
17-Nov-10,6.642
18-Nov-10,6.6334
19-Nov-10,6.6401
22-Nov-10,6.6423
23-Nov-10,6.6442
24-Nov-10,6.6534
26-Nov-10,6.6686
29-Nov-10,6.6605
30-Nov-10,6.667
10-Dec-10,6.6553
13-Dec-10,6.6664
14-Dec-10,6.6565
15-Dec-10,6.6548
16-Dec-10,6.6638
17-Dec-10,6.6555
20-Dec-10,6.6747
21-Dec-10,6.6585
22-Dec-10,6.6475
23-Dec-10,6.6475
27-Dec-10,6.6313
28-Dec-10,6.6247
29-Dec-10,6.6225
30-Dec-10,6.6025
31-Dec-10,6.5906
10-Jan-11,6.6369
11-Jan-11,6.6193
12-Jan-11,6.6044
13-Jan-11,6.6067
14-Jan-11,6.5888
18-Jan-11,6.5831
19-Jan-11,6.5825
20-Jan-11,6.5857
21-Jan-11,6.5835
24-Jan-11,6.5812
25-Jan-11,6.5826
26-Jan-11,6.5817
27-Jan-11,6.5821
28-Jan-11,6.5821
31-Jan-11,6.605
10-Feb-11,6.5869
11-Feb-11,6.5918
14-Feb-11,6.5968
15-Feb-11,6.5892
16-Feb-11,6.5894
17-Feb-11,6.5863
18-Feb-11,6.5735
22-Feb-11,6.58
23-Feb-11,6.5744
24-Feb-11,6.5745
25-Feb-11,6.5757
28-Feb-11,6.5716
10-Mar-11,6.5737
11-Mar-11,6.5745
14-Mar-11,6.57
15-Mar-11,6.5724
16-Mar-11,6.5716
17-Mar-11,6.5755
18-Mar-11,6.5694
21-Mar-11,6.565
22-Mar-11,6.5525
23-Mar-11,6.558
24-Mar-11,6.5605
25-Mar-11,6.5571
28-Mar-11,6.5649
29-Mar-11,6.561
30-Mar-11,6.556
31-Mar-11,6.5486
11-Apr-11,6.5382
12-Apr-11,6.5406
13-Apr-11,6.5335
14-Apr-11,6.5312
15-Apr-11,6.5327
18-Apr-11,6.5289
19-Apr-11,6.5305
20-Apr-11,6.5256
21-Apr-11,6.494
25-Apr-11,6.5278
26-Apr-11,6.5278
27-Apr-11,6.5116
28-Apr-11,6.5018
29-Apr-11,6.491
10-May-11,6.4917
11-May-11,6.492
12-May-11,6.4987
13-May-11,6.498
16-May-11,6.5087
17-May-11,6.5059
18-May-11,6.506
19-May-11,6.505
20-May-11,6.493
23-May-11,6.505
24-May-11,6.4985
25-May-11,6.494
26-May-11,6.4905
27-May-11,6.493
31-May-11,6.4795
10-Jun-11,6.4803
13-Jun-11,6.4829
14-Jun-11,6.4796
15-Jun-11,6.4818
16-Jun-11,6.4752
17-Jun-11,6.471
20-Jun-11,6.473
21-Jun-11,6.4652
22-Jun-11,6.463
23-Jun-11,6.4678
24-Jun-11,6.475
27-Jun-11,6.4825
28-Jun-11,6.4695
29-Jun-11,6.4634
30-Jun-11,6.4642
11-Jul-11,6.4672
12-Jul-11,6.4723
13-Jul-11,6.4678
14-Jul-11,6.46
15-Jul-11,6.462
18-Jul-11,6.469
19-Jul-11,6.4635
20-Jul-11,6.4588
21-Jul-11,6.4545
22-Jul-11,6.4474
25-Jul-11,6.4448
26-Jul-11,6.4415
27-Jul-11,6.4436
28-Jul-11,6.4424
29-Jul-11,6.437
10-Aug-11,6.4177
11-Aug-11,6.3945
12-Aug-11,6.3897
15-Aug-11,6.3908
16-Aug-11,6.3828
17-Aug-11,6.3872
18-Aug-11,6.3883
19-Aug-11,6.3915
22-Aug-11,6.4005
23-Aug-11,6.3984
24-Aug-11,6.3885
25-Aug-11,6.3904
26-Aug-11,6.3872
29-Aug-11,6.3812
30-Aug-11,6.3808
31-Aug-11,6.379
13-Sep-11,6.399
14-Sep-11,6.392
15-Sep-11,6.389
16-Sep-11,6.383
19-Sep-11,6.3866
20-Sep-11,6.3841
21-Sep-11,6.3821
22-Sep-11,6.3888
23-Sep-11,6.388
26-Sep-11,6.398
27-Sep-11,6.3984
28-Sep-11,6.394
29-Sep-11,6.3974
30-Sep-11,6.3822
11-Oct-11,6.375
12-Oct-11,6.3593
13-Oct-11,6.383
14-Oct-11,6.379
17-Oct-11,6.3701
18-Oct-11,6.3809
19-Oct-11,6.3777
20-Oct-11,6.3843
21-Oct-11,6.3838
24-Oct-11,6.3752
25-Oct-11,6.361
26-Oct-11,6.3538
27-Oct-11,6.3595
28-Oct-11,6.3588
31-Oct-11,6.3552
10-Nov-11,6.3467
14-Nov-11,6.3557
15-Nov-11,6.3473
16-Nov-11,6.3451
17-Nov-11,6.3517
18-Nov-11,6.3568
21-Nov-11,6.3619
22-Nov-11,6.3611
23-Nov-11,6.3583
25-Nov-11,6.3816
28-Nov-11,6.385
29-Nov-11,6.3773
30-Nov-11,6.3788
12-Dec-11,6.3609
13-Dec-11,6.3655
14-Dec-11,6.3712
15-Dec-11,6.374
16-Dec-11,6.3484
19-Dec-11,6.3377
20-Dec-11,6.347
21-Dec-11,6.3388
22-Dec-11,6.3395
23-Dec-11,6.3373
27-Dec-11,6.3218
28-Dec-11,6.3212
29-Dec-11,6.319
30-Dec-11,6.2939
10-Jan-12,6.3148
11-Jan-12,6.3154
12-Jan-12,6.3181
13-Jan-12,6.3068
17-Jan-12,6.3139
18-Jan-12,6.3119
19-Jan-12,6.3167
20-Jan-12,6.334
30-Jan-12,6.3338
31-Jan-12,6.309
10-Feb-12,6.2995
13-Feb-12,6.2976
14-Feb-12,6.2995
15-Feb-12,6.3002
16-Feb-12,6.3017
17-Feb-12,6.2988
21-Feb-12,6.2965
22-Feb-12,6.297
23-Feb-12,6.299
24-Feb-12,6.2978
27-Feb-12,6.3016
28-Feb-12,6.2991
29-Feb-12,6.2938
12-Mar-12,6.3263
13-Mar-12,6.327
14-Mar-12,6.3321
15-Mar-12,6.3289
16-Mar-12,6.323
19-Mar-12,6.3226
20-Mar-12,6.3243
21-Mar-12,6.3228
22-Mar-12,6.2997
23-Mar-12,6.3061
26-Mar-12,6.3151
27-Mar-12,6.3065
28-Mar-12,6.3053
29-Mar-12,6.3058
30-Mar-12,6.298
10-Apr-12,6.311
11-Apr-12,6.309
12-Apr-12,6.3073
13-Apr-12,6.3035
16-Apr-12,6.3157
17-Apr-12,6.3022
18-Apr-12,6.304
19-Apr-12,6.3039
20-Apr-12,6.3086
23-Apr-12,6.3088
24-Apr-12,6.3074
25-Apr-12,6.305
26-Apr-12,6.3057
27-Apr-12,6.3099
10-May-12,6.3143
11-May-12,6.3102
14-May-12,6.3213
15-May-12,6.3179
16-May-12,6.3224
17-May-12,6.326
18-May-12,6.3283
21-May-12,6.328
22-May-12,6.323
23-May-12,6.3348
24-May-12,6.3448
25-May-12,6.3441
29-May-12,6.3483
30-May-12,6.3579
31-May-12,6.3688
11-Jun-12,6.3692
12-Jun-12,6.3705
13-Jun-12,6.369
14-Jun-12,6.3705
15-Jun-12,6.3656
18-Jun-12,6.3573
19-Jun-12,6.3546
20-Jun-12,6.3598
21-Jun-12,6.3649
25-Jun-12,6.3634
26-Jun-12,6.3629
27-Jun-12,6.3569
28-Jun-12,6.3575
29-Jun-12,6.3537
10-Jul-12,6.3659
11-Jul-12,6.3684
12-Jul-12,6.3735
13-Jul-12,6.3792
16-Jul-12,6.3786
17-Jul-12,6.3728
18-Jul-12,6.3694
19-Jul-12,6.3729
20-Jul-12,6.3737
23-Jul-12,6.3861
24-Jul-12,6.386
25-Jul-12,6.3885
26-Jul-12,6.3842
27-Jul-12,6.3809
30-Jul-12,6.3795
31-Jul-12,6.362
10-Aug-12,6.3604
13-Aug-12,6.3617
14-Aug-12,6.3588
15-Aug-12,6.3622
16-Aug-12,6.3659
17-Aug-12,6.3583
20-Aug-12,6.3593
21-Aug-12,6.356
22-Aug-12,6.3516
23-Aug-12,6.3538
24-Aug-12,6.3547
27-Aug-12,6.3568
28-Aug-12,6.353
29-Aug-12,6.3514
30-Aug-12,6.3498
31-Aug-12,6.3485
10-Sep-12,6.3379
11-Sep-12,6.3351
12-Sep-12,6.3266
13-Sep-12,6.3297
14-Sep-12,6.3149
17-Sep-12,6.3175
18-Sep-12,6.3189
19-Sep-12,6.3093
20-Sep-12,6.3038
21-Sep-12,6.3053
24-Sep-12,6.3093
25-Sep-12,6.3062
26-Sep-12,6.302
27-Sep-12,6.3023
28-Sep-12,6.2845
10-Oct-12,6.2833
11-Oct-12,6.277
12-Oct-12,6.2672
15-Oct-12,6.2704
16-Oct-12,6.2638
17-Oct-12,6.2545
18-Oct-12,6.2503
19-Oct-12,6.2538
22-Oct-12,6.2546
23-Oct-12,6.2479
24-Oct-12,6.248
25-Oct-12,6.2417
26-Oct-12,6.2485
31-Oct-12,6.2372
13-Nov-12,6.226
14-Nov-12,6.2252
15-Nov-12,6.2332
16-Nov-12,6.2356
19-Nov-12,6.2345
20-Nov-12,6.2326
21-Nov-12,6.2304
23-Nov-12,6.2287
26-Nov-12,6.2255
27-Nov-12,6.2223
28-Nov-12,6.2274
29-Nov-12,6.2282
30-Nov-12,6.2267
10-Dec-12,6.2464
11-Dec-12,6.2465
12-Dec-12,6.2513
13-Dec-12,6.2322
14-Dec-12,6.2415
17-Dec-12,6.2368
18-Dec-12,6.2324
19-Dec-12,6.2303
20-Dec-12,6.2302
21-Dec-12,6.2286
24-Dec-12,6.2336
26-Dec-12,6.2353
27-Dec-12,6.236
28-Dec-12,6.2317
31-Dec-12,6.2303
10-Jan-13,6.2237
11-Jan-13,6.2161
14-Jan-13,6.2192
15-Jan-13,6.2136
16-Jan-13,6.2165
17-Jan-13,6.216
18-Jan-13,6.2154
22-Jan-13,6.2198
23-Jan-13,6.218
24-Jan-13,6.2181
25-Jan-13,6.2205
28-Jan-13,6.2226
29-Jan-13,6.2243
30-Jan-13,6.2205
31-Jan-13,6.2188
19-Feb-13,6.2443
20-Feb-13,6.2376
21-Feb-13,6.2405
22-Feb-13,6.2351
25-Feb-13,6.2339
26-Feb-13,6.2295
27-Feb-13,6.2273
28-Feb-13,6.2214
11-Mar-13,6.2181
12-Mar-13,6.2162
13-Mar-13,6.2138
14-Mar-13,6.2155
15-Mar-13,6.2135
18-Mar-13,6.2158
19-Mar-13,6.2157
20-Mar-13,6.2119
21-Mar-13,6.2143
22-Mar-13,6.2122
25-Mar-13,6.2107
26-Mar-13,6.211
27-Mar-13,6.214
28-Mar-13,6.2145
10-Apr-13,6.1941
11-Apr-13,6.1964
12-Apr-13,6.1919
15-Apr-13,6.1867
16-Apr-13,6.1828
17-Apr-13,6.1723
18-Apr-13,6.1813
19-Apr-13,6.1776
22-Apr-13,6.1826
23-Apr-13,6.1792
24-Apr-13,6.1786
25-Apr-13,6.1711
26-Apr-13,6.165
10-May-13,6.1417
13-May-13,6.1465
14-May-13,6.1428
15-May-13,6.1459
16-May-13,6.149
17-May-13,6.1412
20-May-13,6.1389
21-May-13,6.1356
22-May-13,6.1311
23-May-13,6.134
24-May-13,6.1316
28-May-13,6.1215
29-May-13,6.1267
30-May-13,6.1309
31-May-13,6.1348
13-Jun-13,6.1344
14-Jun-13,6.1308
18-Jun-13,6.1285
19-Jun-13,6.1269
20-Jun-13,6.1282
21-Jun-13,6.1334
24-Jun-13,6.1451
25-Jun-13,6.1453
26-Jun-13,6.147
27-Jun-13,6.149
28-Jun-13,6.1376
10-Jul-13,6.1341
11-Jul-13,6.1352
12-Jul-13,6.1375
15-Jul-13,6.1376
16-Jul-13,6.135
17-Jul-13,6.1353
18-Jul-13,6.1413
19-Jul-13,6.1379
22-Jul-13,6.1409
23-Jul-13,6.1374
24-Jul-13,6.136
25-Jul-13,6.1347
26-Jul-13,6.1317
29-Jul-13,6.1325
30-Jul-13,6.1317
31-Jul-13,6.1289
12-Aug-13,6.1223
13-Aug-13,6.1218
14-Aug-13,6.1196
15-Aug-13,6.1125
16-Aug-13,6.115
19-Aug-13,6.1229
20-Aug-13,6.1246
21-Aug-13,6.1234
22-Aug-13,6.1211
23-Aug-13,6.121
26-Aug-13,6.1212
27-Aug-13,6.1217
28-Aug-13,6.1204
29-Aug-13,6.1204
30-Aug-13,6.1195
10-Sep-13,6.12
11-Sep-13,6.1185
12-Sep-13,6.118
13-Sep-13,6.1188
16-Sep-13,6.1203
17-Sep-13,6.1215
18-Sep-13,6.1212
23-Sep-13,6.121
24-Sep-13,6.1209
25-Sep-13,6.12
26-Sep-13,6.1214
27-Sep-13,6.1199
30-Sep-13,6.1215
10-Oct-13,6.1158
11-Oct-13,6.1206
15-Oct-13,6.1026
16-Oct-13,6.0998
17-Oct-13,6.0982
18-Oct-13,6.0968
21-Oct-13,6.0926
22-Oct-13,6.0927
23-Oct-13,6.0835
24-Oct-13,6.082
25-Oct-13,6.084
28-Oct-13,6.0855
29-Oct-13,6.0902
30-Oct-13,6.0938
31-Oct-13,6.0945
12-Nov-13,6.092
13-Nov-13,6.0929
14-Nov-13,6.0922
15-Nov-13,6.0922
18-Nov-13,6.0921
19-Nov-13,6.093
20-Nov-13,6.0928
21-Nov-13,6.0929
22-Nov-13,6.0937
25-Nov-13,6.0926
26-Nov-13,6.0927
27-Nov-13,6.0924
29-Nov-13,6.0932
10-Dec-13,6.071
11-Dec-13,6.0717
12-Dec-13,6.0715
13-Dec-13,6.0713
16-Dec-13,6.0715
17-Dec-13,6.0711
18-Dec-13,6.0718
19-Dec-13,6.0713
20-Dec-13,6.0714
23-Dec-13,6.0702
24-Dec-13,6.0715
26-Dec-13,6.0747
27-Dec-13,6.0686
30-Dec-13,6.0617
31-Dec-13,6.054
10-Jan-14,6.0521
13-Jan-14,6.0433
14-Jan-14,6.0412
15-Jan-14,6.046
16-Jan-14,6.0557
17-Jan-14,6.0503
21-Jan-14,6.0505
22-Jan-14,6.0513
23-Jan-14,6.0518
24-Jan-14,6.0488
27-Jan-14,6.048
28-Jan-14,6.0509
29-Jan-14,6.0556
30-Jan-14,6.061
10-Feb-14,6.0594
11-Feb-14,6.0606
12-Feb-14,6.0624
13-Feb-14,6.0636
14-Feb-14,6.0669
18-Feb-14,6.0673
19-Feb-14,6.0764
20-Feb-14,6.0835
21-Feb-14,6.0915
24-Feb-14,6.0984
25-Feb-14,6.1245
26-Feb-14,6.1248
27-Feb-14,6.1284
28-Feb-14,6.145
10-Mar-14,6.1386
11-Mar-14,6.1402
12-Mar-14,6.145
13-Mar-14,6.1362
14-Mar-14,6.1502
17-Mar-14,6.1782
18-Mar-14,6.1921
19-Mar-14,6.1954
20-Mar-14,6.2275
21-Mar-14,6.225
24-Mar-14,6.1959
25-Mar-14,6.2017
26-Mar-14,6.2094
27-Mar-14,6.2128
28-Mar-14,6.2122
31-Mar-14,6.2172
10-Apr-14,6.2126
11-Apr-14,6.2113
14-Apr-14,6.2191
15-Apr-14,6.222
16-Apr-14,6.2214
17-Apr-14,6.219
21-Apr-14,6.2274
22-Apr-14,6.2376
23-Apr-14,6.2377
24-Apr-14,6.2489
25-Apr-14,6.2537
28-Apr-14,6.253
29-Apr-14,6.258
30-Apr-14,6.2593
12-May-14,6.2376
13-May-14,6.2291
14-May-14,6.2289
15-May-14,6.2307
16-May-14,6.2334
19-May-14,6.2374
20-May-14,6.2381
21-May-14,6.2338
22-May-14,6.235
23-May-14,6.2365
27-May-14,6.2491
28-May-14,6.254
29-May-14,6.238
30-May-14,6.2479
10-Jun-14,6.2245
11-Jun-14,6.2281
12-Jun-14,6.2185
13-Jun-14,6.2095
16-Jun-14,6.227
17-Jun-14,6.2268
18-Jun-14,6.2314
19-Jun-14,6.2291
20-Jun-14,6.2245
23-Jun-14,6.2255
24-Jun-14,6.2311
25-Jun-14,6.2344
26-Jun-14,6.224
27-Jun-14,6.2185
30-Jun-14,6.2038
10-Jul-14,6.2028
11-Jul-14,6.2035
14-Jul-14,6.206
15-Jul-14,6.208
16-Jul-14,6.204
17-Jul-14,6.2038
18-Jul-14,6.208
21-Jul-14,6.2093
22-Jul-14,6.203
23-Jul-14,6.1988
24-Jul-14,6.1947
25-Jul-14,6.1917
28-Jul-14,6.1875
29-Jul-14,6.1805
30-Jul-14,6.1715
31-Jul-14,6.174
11-Aug-14,6.1534
12-Aug-14,6.158
13-Aug-14,6.1536
14-Aug-14,6.1525
15-Aug-14,6.1472
18-Aug-14,6.143
19-Aug-14,6.1413
20-Aug-14,6.14
21-Aug-14,6.1515
22-Aug-14,6.1515
25-Aug-14,6.1544
26-Aug-14,6.1525
27-Aug-14,6.1433
28-Aug-14,6.1428
29-Aug-14,6.1433
10-Sep-14,6.1294
11-Sep-14,6.13
12-Sep-14,6.1347
15-Sep-14,6.142
16-Sep-14,6.1461
17-Sep-14,6.139
18-Sep-14,6.1405
19-Sep-14,6.141
22-Sep-14,6.1405
23-Sep-14,6.1378
24-Sep-14,6.1366
25-Sep-14,6.136
26-Sep-14,6.1271
29-Sep-14,6.15
30-Sep-14,6.1385
10-Oct-14,6.1311
14-Oct-14,6.1255
15-Oct-14,6.1259
16-Oct-14,6.1233
17-Oct-14,6.124
20-Oct-14,6.1235
21-Oct-14,6.121
22-Oct-14,6.1182
23-Oct-14,6.1195
24-Oct-14,6.117
27-Oct-14,6.1165
28-Oct-14,6.1133
29-Oct-14,6.1112
30-Oct-14,6.1145
31-Oct-14,6.1127
10-Nov-14,6.1195
12-Nov-14,6.1262
13-Nov-14,6.1248
14-Nov-14,6.1295
17-Nov-14,6.1243
18-Nov-14,6.1213
19-Nov-14,6.1195
20-Nov-14,6.1235
21-Nov-14,6.1249
24-Nov-14,6.1417
25-Nov-14,6.1365
26-Nov-14,6.1391
28-Nov-14,6.1432
10-Dec-14,6.1766
11-Dec-14,6.1886
12-Dec-14,6.1869
15-Dec-14,6.1905
16-Dec-14,6.1895
17-Dec-14,6.197
18-Dec-14,6.2145
19-Dec-14,6.2199
22-Dec-14,6.2216
23-Dec-14,6.2258
24-Dec-14,6.2153
26-Dec-14,6.2129
29-Dec-14,6.2225
30-Dec-14,6.202
31-Dec-14,6.2061
12-Jan-15,6.2032
13-Jan-15,6.1975
14-Jan-15,6.1959
15-Jan-15,6.1875
16-Jan-15,6.207
20-Jan-15,6.214
21-Jan-15,6.2115
22-Jan-15,6.2088
23-Jan-15,6.2285
26-Jan-15,6.254
27-Jan-15,6.2435
28-Jan-15,6.248
29-Jan-15,6.2466
30-Jan-15,6.25
10-Feb-15,6.241
11-Feb-15,6.2427
12-Feb-15,6.2445
13-Feb-15,6.2403
17-Feb-15,6.2551
25-Feb-15,6.2593
26-Feb-15,6.2589
27-Feb-15,6.2696
10-Mar-15,6.262
11-Mar-15,6.2623
12-Mar-15,6.2624
13-Mar-15,6.2595
16-Mar-15,6.2625
17-Mar-15,6.2495
18-Mar-15,6.2294
19-Mar-15,6.196
20-Mar-15,6.2052
23-Mar-15,6.214
24-Mar-15,6.2051
25-Mar-15,6.2121
26-Mar-15,6.2108
27-Mar-15,6.215
30-Mar-15,6.207
31-Mar-15,6.1995
10-Apr-15,6.2085
13-Apr-15,6.2167
14-Apr-15,6.2115
15-Apr-15,6.2052
16-Apr-15,6.1962
17-Apr-15,6.1978
20-Apr-15,6.201
21-Apr-15,6.201
22-Apr-15,6.194
23-Apr-15,6.197
24-Apr-15,6.1935
27-Apr-15,6.219
28-Apr-15,6.204
29-Apr-15,6.1993
30-Apr-15,6.2028
11-May-15,6.2096
12-May-15,6.2089
13-May-15,6.2046
14-May-15,6.2016
15-May-15,6.2061
18-May-15,6.2043
19-May-15,6.2066
20-May-15,6.2037
21-May-15,6.1968
22-May-15,6.1974
26-May-15,6.2039
27-May-15,6.2013
28-May-15,6.2012
29-May-15,6.1983
10-Jun-15,6.2058
11-Jun-15,6.2066
12-Jun-15,6.2083
15-Jun-15,6.209
16-Jun-15,6.2085
17-Jun-15,6.2096
18-Jun-15,6.2078
19-Jun-15,6.2095
23-Jun-15,6.2068
24-Jun-15,6.2071
25-Jun-15,6.2094
26-Jun-15,6.209
29-Jun-15,6.2088
30-Jun-15,6.201
10-Jul-15,6.2092
13-Jul-15,6.2084
14-Jul-15,6.2089
15-Jul-15,6.2092
16-Jul-15,6.2095
17-Jul-15,6.2095
20-Jul-15,6.2097
21-Jul-15,6.2096
22-Jul-15,6.2094
23-Jul-15,6.2095
24-Jul-15,6.2096
27-Jul-15,6.2095
28-Jul-15,6.2094
29-Jul-15,6.209
30-Jul-15,6.2096
31-Jul-15,6.2097
10-Aug-15,6.2096
11-Aug-15,6.3248
12-Aug-15,6.387
13-Aug-15,6.3988
14-Aug-15,6.3918
17-Aug-15,6.3947
18-Aug-15,6.3938
19-Aug-15,6.3958
20-Aug-15,6.389
21-Aug-15,6.3888
24-Aug-15,6.4044
25-Aug-15,6.4129
26-Aug-15,6.411
27-Aug-15,6.4053
28-Aug-15,6.3885
31-Aug-15,6.3764
10-Sep-15,6.3772
11-Sep-15,6.375
14-Sep-15,6.3679
15-Sep-15,6.37
16-Sep-15,6.3709
17-Sep-15,6.366
18-Sep-15,6.3643
21-Sep-15,6.3691
22-Sep-15,6.376
23-Sep-15,6.3837
24-Sep-15,6.3833
25-Sep-15,6.3741
28-Sep-15,6.3688
29-Sep-15,6.3636
30-Sep-15,6.3571
13-Oct-15,6.3423
14-Oct-15,6.3477
15-Oct-15,6.3462
16-Oct-15,6.3525
19-Oct-15,6.3601
20-Oct-15,6.3484
21-Oct-15,6.3493
22-Oct-15,6.358
23-Oct-15,6.3491
26-Oct-15,6.3532
27-Oct-15,6.3532
28-Oct-15,6.3592
29-Oct-15,6.3567
30-Oct-15,6.3181
10-Nov-15,6.3618
12-Nov-15,6.3693
13-Nov-15,6.3737
16-Nov-15,6.3712
17-Nov-15,6.3786
18-Nov-15,6.3849
19-Nov-15,6.383
20-Nov-15,6.385
23-Nov-15,6.3893
24-Nov-15,6.3898
25-Nov-15,6.3892
27-Nov-15,6.3949
30-Nov-15,6.3982
10-Dec-15,6.4378
11-Dec-15,6.4553
14-Dec-15,6.4589
15-Dec-15,6.461
16-Dec-15,6.4733
17-Dec-15,6.4837
18-Dec-15,6.4815
21-Dec-15,6.4808
22-Dec-15,6.4788
23-Dec-15,6.4778
24-Dec-15,6.4773
28-Dec-15,6.4886
29-Dec-15,6.4848
30-Dec-15,6.4912
31-Dec-15,6.4936
11-Jan-16,6.5695
12-Jan-16,6.5725
13-Jan-16,6.5754
14-Jan-16,6.5901
15-Jan-16,6.5849
19-Jan-16,6.5785
20-Jan-16,6.5784
21-Jan-16,6.58
22-Jan-16,6.5791
25-Jan-16,6.5793
26-Jan-16,6.5825
27-Jan-16,6.5778
28-Jan-16,6.5751
29-Jan-16,6.5761
16-Feb-16,6.5169
17-Feb-16,6.5282
18-Feb-16,6.5188
19-Feb-16,6.5224
22-Feb-16,6.5218
23-Feb-16,6.5271
24-Feb-16,6.5317
25-Feb-16,6.5335
26-Feb-16,6.5404
29-Feb-16,6.554
10-Mar-16,6.5085
11-Mar-16,6.4953
14-Mar-16,6.5
15-Mar-16,6.5145
16-Mar-16,6.522
17-Mar-16,6.475
18-Mar-16,6.4716
21-Mar-16,6.4846
22-Mar-16,6.4901
23-Mar-16,6.5062
24-Mar-16,6.5146
28-Mar-16,6.5075
29-Mar-16,6.5066
30-Mar-16,6.465
31-Mar-16,6.449
11-Apr-16,6.4595
12-Apr-16,6.4656
13-Apr-16,6.4784
14-Apr-16,6.4826
15-Apr-16,6.4756
18-Apr-16,6.4752
19-Apr-16,6.4581
20-Apr-16,6.4708
21-Apr-16,6.4819
22-Apr-16,6.5009
25-Apr-16,6.493
26-Apr-16,6.4935
27-Apr-16,6.495
28-Apr-16,6.4759
29-Apr-16,6.4741
10-May-16,6.5183
11-May-16,6.492
12-May-16,6.5168
13-May-16,6.532
16-May-16,6.5212
17-May-16,6.5204
18-May-16,6.5388
19-May-16,6.547
20-May-16,6.549
23-May-16,6.5557
24-May-16,6.5572
25-May-16,6.5541
26-May-16,6.557
27-May-16,6.5633
31-May-16,6.5829
13-Jun-16,6.5857
14-Jun-16,6.5965
15-Jun-16,6.5818
16-Jun-16,6.592
17-Jun-16,6.5884
20-Jun-16,6.577
21-Jun-16,6.5903
22-Jun-16,6.5775
23-Jun-16,6.5772
24-Jun-16,6.6218
27-Jun-16,6.6516
28-Jun-16,6.6481
29-Jun-16,6.6367
30-Jun-16,6.648
11-Jul-16,6.6939
12-Jul-16,6.6885
13-Jul-16,6.6863
14-Jul-16,6.6836
15-Jul-16,6.6887
18-Jul-16,6.7045
19-Jul-16,6.6963
20-Jul-16,6.6777
21-Jul-16,6.6755
22-Jul-16,6.6795
25-Jul-16,6.6785
26-Jul-16,6.672
27-Jul-16,6.67
28-Jul-16,6.6554
29-Jul-16,6.6373
10-Aug-16,6.638
11-Aug-16,6.6277
12-Aug-16,6.6353
15-Aug-16,6.638
16-Aug-16,6.6253
17-Aug-16,6.6343
18-Aug-16,6.6312
19-Aug-16,6.6532
22-Aug-16,6.6507
23-Aug-16,6.6409
24-Aug-16,6.659
25-Aug-16,6.6593
26-Aug-16,6.6719
29-Aug-16,6.6777
30-Aug-16,6.6811
31-Aug-16,6.6793
12-Sep-16,6.6802
13-Sep-16,6.6794
14-Sep-16,6.6734
19-Sep-16,6.6685
20-Sep-16,6.672
21-Sep-16,6.6721
22-Sep-16,6.6648
23-Sep-16,6.6695
26-Sep-16,6.6689
27-Sep-16,6.6701
28-Sep-16,6.6752
29-Sep-16,6.6673
30-Sep-16,6.6716
10-Oct-16,6.7074
11-Oct-16,6.722
12-Oct-16,6.719
13-Oct-16,6.7274
14-Oct-16,6.7289
17-Oct-16,6.7375
18-Oct-16,6.7409
19-Oct-16,6.7379
20-Oct-16,6.7454
21-Oct-16,6.7667
24-Oct-16,6.7752
25-Oct-16,6.7812
26-Oct-16,6.7711
27-Oct-16,6.7851
28-Oct-16,6.779
31-Oct-16,6.7758
10-Nov-16,6.8019
14-Nov-16,6.8468
15-Nov-16,6.8591
16-Nov-16,6.8804
17-Nov-16,6.8783
18-Nov-16,6.8887
21-Nov-16,6.8928
22-Nov-16,6.89
23-Nov-16,6.9202
25-Nov-16,6.9198
28-Nov-16,6.9088
29-Nov-16,6.8968
30-Nov-16,6.8868
12-Dec-16,6.9069
13-Dec-16,6.9017
14-Dec-16,6.9051
15-Dec-16,6.9443
16-Dec-16,6.9603
19-Dec-16,6.9539
20-Dec-16,6.9505
21-Dec-16,6.9421
22-Dec-16,6.9504
23-Dec-16,6.9464
27-Dec-16,6.9525
28-Dec-16,6.9593
29-Dec-16,6.9553
30-Dec-16,6.945
10-Jan-17,6.9215
11-Jan-17,6.9378
12-Jan-17,6.8915
13-Jan-17,6.9005
17-Jan-17,6.8546
18-Jan-17,6.839
19-Jan-17,6.8712
20-Jan-17,6.8765
23-Jan-17,6.854
24-Jan-17,6.859
25-Jan-17,6.8836
26-Jan-17,6.8816
10-Feb-17,6.8785
13-Feb-17,6.8815
14-Feb-17,6.8674
15-Feb-17,6.8711
16-Feb-17,6.8537
17-Feb-17,6.8665
21-Feb-17,6.8841
22-Feb-17,6.8777
23-Feb-17,6.8661
24-Feb-17,6.869
27-Feb-17,6.8708
28-Feb-17,6.8678
10-Mar-17,6.9095
13-Mar-17,6.9145
14-Mar-17,6.915
15-Mar-17,6.9147
16-Mar-17,6.898
17-Mar-17,6.9034
20-Mar-17,6.9085
21-Mar-17,6.8869
22-Mar-17,6.8828
23-Mar-17,6.8861
24-Mar-17,6.8837
27-Mar-17,6.8728
28-Mar-17,6.8802
29-Mar-17,6.89
30-Mar-17,6.8894
31-Mar-17,6.8871
10-Apr-17,6.9031
11-Apr-17,6.8923
12-Apr-17,6.8915
13-Apr-17,6.89
17-Apr-17,6.8823
18-Apr-17,6.8819
19-Apr-17,6.888
20-Apr-17,6.8822
21-Apr-17,6.8859
24-Apr-17,6.8848
25-Apr-17,6.8847
26-Apr-17,6.8926
27-Apr-17,6.8979
28-Apr-17,6.8935
10-May-17,6.9032
11-May-17,6.9036
12-May-17,6.8994
15-May-17,6.893
16-May-17,6.8867
17-May-17,6.8819
18-May-17,6.8892
19-May-17,6.885
22-May-17,6.8864
23-May-17,6.89
24-May-17,6.8899
25-May-17,6.8689
26-May-17,6.8556
31-May-17,6.8101
12-Jun-17,6.7982
13-Jun-17,6.7991
14-Jun-17,6.7916
15-Jun-17,6.8079
16-Jun-17,6.8104
19-Jun-17,6.8195
20-Jun-17,6.8292
21-Jun-17,6.8295
22-Jun-17,6.8349
23-Jun-17,6.8366
26-Jun-17,6.8411
27-Jun-17,6.8126
28-Jun-17,6.7998
29-Jun-17,6.787
30-Jun-17,6.7809
10-Jul-17,6.8036
11-Jul-17,6.8025
12-Jul-17,6.7877
13-Jul-17,6.7835
14-Jul-17,6.7758
17-Jul-17,6.77
18-Jul-17,6.7463
19-Jul-17,6.7519
20-Jul-17,6.7595
21-Jul-17,6.7669
24-Jul-17,6.7511
25-Jul-17,6.7511
26-Jul-17,6.7539
27-Jul-17,6.743
28-Jul-17,6.7374
31-Jul-17,6.7265
10-Aug-17,6.6475
11-Aug-17,6.6647
14-Aug-17,6.6711
15-Aug-17,6.6855
16-Aug-17,6.6916
17-Aug-17,6.6755
18-Aug-17,6.6712
21-Aug-17,6.6656
22-Aug-17,6.6624
23-Aug-17,6.6589
24-Aug-17,6.662
25-Aug-17,6.6498
28-Aug-17,6.6159
29-Aug-17,6.5968
30-Aug-17,6.5944
31-Aug-17,6.5899
11-Sep-17,6.5297
12-Sep-17,6.5354
13-Sep-17,6.543
14-Sep-17,6.556
15-Sep-17,6.5526
18-Sep-17,6.5742
19-Sep-17,6.5838
20-Sep-17,6.5749
21-Sep-17,6.5899
22-Sep-17,6.5911
25-Sep-17,6.6212
26-Sep-17,6.64
27-Sep-17,6.6425
28-Sep-17,6.664
29-Sep-17,6.6534
10-Oct-17,6.5714
11-Oct-17,6.5903
12-Oct-17,6.588
13-Oct-17,6.5796
16-Oct-17,6.5899
17-Oct-17,6.6235
18-Oct-17,6.6274
19-Oct-17,6.6151
20-Oct-17,6.6205
23-Oct-17,6.64
24-Oct-17,6.6358
25-Oct-17,6.6391
26-Oct-17,6.6426
27-Oct-17,6.6514
30-Oct-17,6.6465
31-Oct-17,6.6349
10-Nov-17,6.6414
13-Nov-17,6.6405
14-Nov-17,6.6363
15-Nov-17,6.6235
16-Nov-17,6.6307
17-Nov-17,6.6268
20-Nov-17,6.635
21-Nov-17,6.6296
22-Nov-17,6.6102
24-Nov-17,6.6022
27-Nov-17,6.5969
28-Nov-17,6.6076
29-Nov-17,6.6094
30-Nov-17,6.6128
11-Dec-17,6.6186
12-Dec-17,6.6215
13-Dec-17,6.6174
14-Dec-17,6.6095
15-Dec-17,6.6094
18-Dec-17,6.6164
19-Dec-17,6.6047
20-Dec-17,6.5785
21-Dec-17,6.5847
22-Dec-17,6.5774
26-Dec-17,6.5453
27-Dec-17,6.5568
28-Dec-17,6.5334
29-Dec-17,6.5066
10-Jan-18,6.5081
11-Jan-18,6.4958
12-Jan-18,6.461
16-Jan-18,6.444
17-Jan-18,6.4343
18-Jan-18,6.4203
19-Jan-18,6.404
22-Jan-18,6.4052
23-Jan-18,6.4047
24-Jan-18,6.37
25-Jan-18,6.3238
26-Jan-18,6.3201
29-Jan-18,6.3374
30-Jan-18,6.3239
31-Jan-18,6.2888
12-Feb-18,6.3275
13-Feb-18,6.341
14-Feb-18,6.3482
22-Feb-18,6.3501
23-Feb-18,6.3373
26-Feb-18,6.316
27-Feb-18,6.317
28-Feb-18,6.3311
12-Mar-18,6.33
13-Mar-18,6.3216
14-Mar-18,6.318
15-Mar-18,6.3221
16-Mar-18,6.335
19-Mar-18,6.3322
20-Mar-18,6.3341
21-Mar-18,6.3232
22-Mar-18,6.335
23-Mar-18,6.316
26-Mar-18,6.2734
27-Mar-18,6.2831
28-Mar-18,6.2979
29-Mar-18,6.2898
10-Apr-18,6.2832
11-Apr-18,6.269
12-Apr-18,6.2915
13-Apr-18,6.275
16-Apr-18,6.2765
17-Apr-18,6.2825
18-Apr-18,6.2744
19-Apr-18,6.2791
20-Apr-18,6.2965
23-Apr-18,6.3171
24-Apr-18,6.3065
25-Apr-18,6.3266
26-Apr-18,6.3365
27-Apr-18,6.3332
10-May-18,6.3492
11-May-18,6.3341
14-May-18,6.3392
15-May-18,6.3777
16-May-18,6.3715
17-May-18,6.3671
18-May-18,6.38
21-May-18,6.3835
22-May-18,6.3675
23-May-18,6.3885
24-May-18,6.3783
25-May-18,6.3918
29-May-18,6.4176
30-May-18,6.419
31-May-18,6.4103
11-Jun-18,6.4017
12-Jun-18,6.4028
13-Jun-18,6.3983
14-Jun-18,6.4017
15-Jun-18,6.4394
19-Jun-18,6.4852
20-Jun-18,6.4737
21-Jun-18,6.4932
22-Jun-18,6.5058
25-Jun-18,6.54
26-Jun-18,6.5793
27-Jun-18,6.6047
28-Jun-18,6.627
29-Jun-18,6.621
10-Jul-18,6.6299
11-Jul-18,6.6812
12-Jul-18,6.6677
13-Jul-18,6.6917
16-Jul-18,6.6911
17-Jul-18,6.7065
18-Jul-18,6.7196
19-Jul-18,6.7751
20-Jul-18,6.7709
23-Jul-18,6.793
24-Jul-18,6.7915
25-Jul-18,6.7697
26-Jul-18,6.7927
27-Jul-18,6.8137
30-Jul-18,6.815
31-Jul-18,6.8127
10-Aug-18,6.8472
13-Aug-18,6.8913
14-Aug-18,6.8842
15-Aug-18,6.9348
16-Aug-18,6.8825
17-Aug-18,6.8775
20-Aug-18,6.8578
21-Aug-18,6.8472
22-Aug-18,6.8418
23-Aug-18,6.8777
24-Aug-18,6.807
27-Aug-18,6.8156
28-Aug-18,6.803
29-Aug-18,6.8213
30-Aug-18,6.8445
31-Aug-18,6.8315
10-Sep-18,6.8556
11-Sep-18,6.873
12-Sep-18,6.8606
13-Sep-18,6.8448
14-Sep-18,6.869
17-Sep-18,6.857
18-Sep-18,6.8616
19-Sep-18,6.8483
20-Sep-18,6.8468
21-Sep-18,6.8571
25-Sep-18,6.8665
26-Sep-18,6.8786
27-Sep-18,6.8902
28-Sep-18,6.8689
10-Oct-18,6.9242
11-Oct-18,6.8899
12-Oct-18,6.9225
15-Oct-18,6.9168
16-Oct-18,6.912
17-Oct-18,6.9275
18-Oct-18,6.9376
19-Oct-18,6.9297
22-Oct-18,6.9474
23-Oct-18,6.9383
24-Oct-18,6.944
25-Oct-18,6.9489
26-Oct-18,6.9435
29-Oct-18,6.9619
30-Oct-18,6.9672
31-Oct-18,6.9756
13-Nov-18,6.956
14-Nov-18,6.9505
15-Nov-18,6.9393
16-Nov-18,6.938
19-Nov-18,6.942
20-Nov-18,6.9452
21-Nov-18,6.927
23-Nov-18,6.9485
26-Nov-18,6.9408
27-Nov-18,6.9515
28-Nov-18,6.9539
29-Nov-18,6.9425
30-Nov-18,6.9605
10-Dec-18,6.9117
11-Dec-18,6.9
12-Dec-18,6.88
13-Dec-18,6.8816
14-Dec-18,6.9077
17-Dec-18,6.8972
18-Dec-18,6.8951
19-Dec-18,6.8922
20-Dec-18,6.8851
21-Dec-18,6.9065
24-Dec-18,6.8991
26-Dec-18,6.8854
27-Dec-18,6.8663
28-Dec-18,6.8785
10-Jan-19,6.7885
11-Jan-19,6.763
14-Jan-19,6.768
15-Jan-19,6.761
16-Jan-19,6.7568
17-Jan-19,6.7764
18-Jan-19,6.779
22-Jan-19,6.808
23-Jan-19,6.792
24-Jan-19,6.7885
25-Jan-19,6.7473
28-Jan-19,6.7453
29-Jan-19,6.7329
30-Jan-19,6.7165
31-Jan-19,6.7008
11-Feb-19,6.7923
12-Feb-19,6.774
13-Feb-19,6.7604
14-Feb-19,6.7721
15-Feb-19,6.773
19-Feb-19,6.7587
20-Feb-19,6.7213
21-Feb-19,6.7198
22-Feb-19,6.7142
25-Feb-19,6.6894
26-Feb-19,6.7002
27-Feb-19,6.6872
28-Feb-19,6.6941
11-Mar-19,6.7265
12-Mar-19,6.7085
13-Mar-19,6.7071
14-Mar-19,6.723
15-Mar-19,6.7138
18-Mar-19,6.713
19-Mar-19,6.7119
20-Mar-19,6.6946
21-Mar-19,6.6993
22-Mar-19,6.7181
25-Mar-19,6.7094
26-Mar-19,6.7157
27-Mar-19,6.7271
28-Mar-19,6.739
29-Mar-19,6.712
10-Apr-19,6.716
11-Apr-19,6.7194
12-Apr-19,6.7044
15-Apr-19,6.7086
16-Apr-19,6.7122
17-Apr-19,6.6882
18-Apr-19,6.7091
22-Apr-19,6.712
23-Apr-19,6.7259
24-Apr-19,6.7219
25-Apr-19,6.7431
26-Apr-19,6.7298
29-Apr-19,6.7336
30-Apr-19,6.7349
10-May-19,6.824
13-May-19,6.8784
14-May-19,6.876
15-May-19,6.8761
16-May-19,6.8838
17-May-19,6.9187
20-May-19,6.9123
21-May-19,6.9023
22-May-19,6.9064
23-May-19,6.9105
24-May-19,6.9002
28-May-19,6.9101
29-May-19,6.9145
30-May-19,6.9019
